timestamp,target_type,target_name,target_index,target_distance,target_bearing,distance,motion_ready,motion_sample_count,reversal_hold_remaining,enemy_velocity_x,enemy_velocity_z,enemy_speed,predicted_control_time,predicted_yaw_control_time,predicted_pitch_control_time,predicted_flight_time,flight_time_correction_factor,predicted_total_intercept_time,lead_distance,player_turret_pitch,desired_pitch,pitch_error,pitch_tolerance,turret_rf_command,turret_rf_weight,turret_error,turret_error_rate,turret_pd_effort_raw,turret_pd_effort,body_equivalent_turret_weight,turret_qe_command,turret_qe_weight,body_error,body_signed_effort,predicted_body_yaw_rate,body_coarse_turn_enabled,move_ad_command,move_ad_weight,aim_aligned,spawn_arm_ready,aim_stable_ready,fire
2026-06-24T15:14:11.742,moving_enemy,EnemyTank,0,120.0,,120.0,False,1,0.0,0.0,0.0,0.0,14.46,0.0,12.05,2.1689,1.096,17.2289,0.0,0.0,9.92,9.92,0.2365,R,0.28,-0.0,0.0,-0.0,-0.0,0.0,STOP,0.0,-0.0,0.0,0.0,False,STOP,0.0,False,False,False,False
2026-06-24T15:14:12.327,moving_enemy,EnemyTank,0,120.0,,120.0,False,2,0.0,0.0,0.0,0.0,13.74,0.0,11.45,2.1684,1.096,16.5084,0.0,0.69,9.84,9.15,0.2363,R,0.28,0.0,0.0,0.0,0.0,0.0,STOP,0.0,0.0,0.0,0.0,False,STOP,0.0,False,True,False,False
2026-06-24T15:14:12.899,moving_enemy,EnemyTank,0,120.00010681152344,,120.0,True,3,0.0,0.0,0.0,0.0,12.96,0.0,10.8,2.1679,1.096,15.7279,0.0,1.44,9.77,8.33,0.2361,R,0.28,0.0,0.0,0.0,0.0,0.0,STOP,0.0,0.0,0.0,0.0,False,STOP,0.0,False,True,False,False
2026-06-24T15:14:13.483,moving_enemy,EnemyTank,0,120.00010681152344,,120.0,True,4,0.0,0.0,0.0,0.0,12.18,0.0,10.15,2.1674,1.096,14.9474,0.0,2.18,9.69,7.5,0.2358,R,0.28,0.0,0.0,0.0,0.0,0.0,STOP,0.0,0.0,0.0,0.0,False,STOP,0.0,False,True,False,False
2026-06-24T15:14:14.070,moving_enemy,EnemyTank,0,120.00019836425781,,120.0,True,5,0.0,0.0,0.0,0.0,11.46,0.0,9.55,2.1671,1.096,14.2271,0.0,2.93,9.64,6.71,0.2357,R,0.28,0.0,-0.0,0.0,0.0,0.0,STOP,0.0,0.0,0.0,0.0,False,STOP,0.0,False,True,False,False
2026-06-24T15:14:14.633,moving_enemy,EnemyTank,0,120.00038146972656,,120.0,True,6,0.0,0.0,0.0,0.0,10.74,0.0,8.95,2.1668,1.096,13.5068,0.0,3.64,9.59,5.96,0.2356,R,0.28,0.0,-0.0,0.0,0.0,0.0,STOP,0.0,0.0,0.0,0.0,False,STOP,0.0,False,True,False,False
2026-06-24T15:14:15.197,moving_enemy,EnemyTank,0,120.00028991699219,,120.0,True,7,0.0,0.0,0.0,0.0,9.96,0.0,8.3,2.1661,1.096,12.7261,0.0,4.38,9.48,5.1,0.2353,R,0.28,0.0,-0.0,0.0,0.0,0.0,STOP,0.0,0.0,0.0,0.0,False,STOP,0.0,False,True,False,False
2026-06-24T15:14:15.771,moving_enemy,EnemyTank,0,120.00030517578125,,120.0,True,8,0.0,0.0,0.0,0.0,9.18,0.0,7.65,2.1657,1.096,11.9457,0.0,5.13,9.42,4.3,0.2351,R,0.28,0.0,-0.0,-0.0,-0.0,0.0,STOP,0.0,0.0,0.0,0.0,False,STOP,0.0,False,True,False,False
2026-06-24T15:14:16.343,moving_enemy,EnemyTank,0,119.99392798380696,,119.95,True,9,0.0,-0.0099,-0.0041,0.0108,8.4,0.0043,7.0,2.1642,1.096,11.1642,0.12,5.87,9.35,3.48,0.2349,R,0.243,-0.06,-0.105,-0.0005,-0.0005,0.0,STOP,0.0,-0.06,0.0,0.0,False,STOP,0.0,False,True,False,False
2026-06-24T15:14:16.924,moving_enemy,EnemyTank,0,120.00515962728284,,120.05,True,10,0.0,0.0179,0.0045,0.0184,7.5,0.0071,6.25,2.1662,1.096,10.2662,0.1894,6.59,9.35,2.75,0.2349,R,0.193,0.1,0.273,0.0011,0.0011,0.0,STOP,0.0,0.1,0.0,0.0,False,STOP,0.0,False,True,False,False
2026-06-24T15:14:17.496,moving_enemy,EnemyTank,0,120.02975550114309,,120.21,True,11,0.0,0.006,0.0195,0.0204,6.6,0.0024,5.5,2.1693,1.096,9.3693,0.1915,7.22,9.37,2.16,0.235,R,0.151,0.03,-0.114,-0.0,-0.0,0.0,STOP,0.0,0.03,0.0,0.0,False,STOP,0.0,False,True,False,False
2026-06-24T15:14:18.080,moving_enemy,EnemyTank,0,119.9949057357066,,119.9,True,12,0.0,0.0096,-0.0109,0.0145,5.52,0.0035,4.6,2.1632,1.096,8.2832,0.1199,7.72,9.34,1.62,0.2348,R,0.114,0.05,0.026,0.0003,0.0003,0.0,STOP,0.0,0.05,0.0,0.0,False,STOP,0.0,False,True,False,False
2026-06-24T15:14:18.635,moving_enemy,EnemyTank,0,120.00415246982385,,119.99,True,14,0.0,-0.0321,-0.003,0.0322,3.42,0.0076,2.85,2.165,1.096,6.185,0.1993,8.42,9.35,0.92,0.2349,R,0.064,-0.11,-0.278,-0.0011,-0.0011,0.0,STOP,0.0,-0.11,0.0,0.0,False,STOP,0.0,False,True,False,False
2026-06-24T15:14:19.219,moving_enemy,EnemyTank,0,119.97637795847997,,119.87,True,15,0.0,-0.1306,-0.0202,0.1322,2.64,0.0306,2.2,2.1625,1.096,5.4025,0.7141,8.61,9.35,0.74,0.2348,R,0.055,-0.43,-0.552,-0.0034,-0.0034,0.0,STOP,0.0,-0.43,0.0,0.0,False,STOP,0.0,False,True,False,False
2026-06-24T15:14:19.781,moving_enemy,EnemyTank,0,119.92390057609886,,119.72,True,16,0.0,-0.2243,-0.0469,0.2292,1.8,0.0489,1.5,2.1592,1.096,4.5592,1.0449,8.76,9.32,0.57,0.2346,R,0.055,-0.69,-0.458,-0.0045,-0.0045,0.0,Q,0.005,-0.69,0.0,0.0,False,STOP,0.0,False,True,False,False
2026-06-24T15:14:20.363,moving_enemy,EnemyTank,0,119.84745916841368,,119.56,True,17,0.0,-0.325,-0.0816,0.3351,0.96,0.0586,0.8,2.1557,1.096,3.7157,1.245,8.9,9.3,0.4,0.2345,R,0.055,-0.82,-0.236,-0.0048,-0.0048,0.0,Q,0.005,-0.91,0.0,0.0,False,STOP,0.0,False,True,False,False
2026-06-24T15:14:20.935,moving_enemy,EnemyTank,0,119.77925556525648,,119.5,True,18,0.0,-0.431,-0.0998,0.4424,0.24,0.065,0.2,2.1544,1.096,2.9944,1.3246,9.05,9.29,0.24,0.2344,R,0.055,-0.92,-0.161,-0.0052,-0.0052,0.0,Q,0.005,-1.1,0.0,0.0,False,STOP,0.0,True,True,False,False
2026-06-24T15:14:21.509,moving_enemy,EnemyTank,0,119.72881291749394,,119.47,True,19,0.0,-0.5276,-0.0997,0.5369,0.0931,0.0776,0.0,2.1539,1.096,2.847,1.5287,9.2,9.3,0.1,0.2344,STOP,0.0,-1.1,-0.315,-0.0064,-0.0064,0.0,Q,0.006,-1.39,0.0,0.0,False,STOP,0.0,True,True,True,True
2026-06-24T15:14:22.090,moving_enemy,EnemyTank,0,119.69859710257852,,119.48,True,20,0.0,-0.6508,-0.0897,0.657,0.1157,0.0965,0.0,2.1541,1.096,2.8698,1.8854,9.27,9.3,0.03,0.2344,STOP,0.0,-1.37,-0.468,-0.0082,-0.0082,0.0,Q,0.008,-1.78,0.0,0.0,False,STOP,0.0,True,True,True,False
2026-06-24T15:14:22.638,moving_enemy,EnemyTank,0,119.6862173168437,,119.54,True,21,0.0,-0.7549,-0.0725,0.7584,0.1357,0.1131,0.0,2.1553,1.096,2.891,2.1925,9.27,9.31,0.04,0.2345,STOP,0.0,-1.61,-0.442,-0.0094,-0.0094,0.0,Q,0.009,-2.17,0.0,0.0,False,STOP,0.0,True,True,True,False
2026-06-24T15:14:23.196,moving_enemy,EnemyTank,0,119.6873120586116,,119.62,True,22,0.0,-0.8903,-0.0553,0.892,0.162,0.135,0.0,2.157,1.096,2.919,2.6038,9.27,9.3,0.04,0.2345,STOP,0.0,-1.93,-0.578,-0.0114,-0.0114,0.0,Q,0.011,-2.67,0.0,0.0,False,STOP,0.0,True,True,True,False
2026-06-24T15:14:23.771,moving_enemy,EnemyTank,0,119.70277975447021,,119.73,True,23,0.0,-1.1032,-0.04,1.1039,0.2006,0.1672,0.0,2.1594,1.096,2.9601,3.2677,9.27,9.32,0.05,0.2346,STOP,0.0,-2.41,-0.829,-0.0144,-0.0144,0.0,Q,0.014,-3.35,0.0,0.0,False,STOP,0.0,True,True,True,True
2026-06-24T15:14:24.353,moving_enemy,EnemyTank,0,119.73110382433252,,119.87,True,24,0.0,-1.3188,-0.0278,1.3191,0.2412,0.201,0.0,2.1623,1.096,3.0036,3.962,9.27,9.33,0.07,0.2348,STOP,0.0,-2.92,-0.875,-0.0172,-0.0172,0.0,Q,0.017,-4.1,0.0,0.0,False,STOP,0.0,False,True,False,False
2026-06-24T15:14:24.922,moving_enemy,EnemyTank,0,119.77042404501029,,120.02,True,25,0.0,-1.5463,-0.022,1.5464,0.2842,0.2368,0.0,2.1656,1.096,3.0498,4.7163,9.27,9.35,0.08,0.2349,STOP,0.0,-3.47,-0.967,-0.0203,-0.0203,0.0,Q,0.02,-4.96,0.0,0.0,False,STOP,0.0,False,True,False,False
2026-06-24T15:14:25.493,moving_enemy,EnemyTank,0,119.82715501951431,,120.21,True,26,0.0,-1.7681,-0.0177,1.7682,0.3267,0.2722,0.0,2.1692,1.096,3.0959,5.4742,9.27,9.37,0.11,0.235,STOP,0.0,-4.02,-0.97,-0.0233,-0.0233,0.0,Q,0.023,-5.89,0.0,0.0,False,STOP,0.0,False,True,False,False
2026-06-24T15:14:26.081,moving_enemy,EnemyTank,0,120.00655417197981,,120.77,True,28,0.0,-2.2808,-0.0148,2.2808,0.4198,0.3498,0.0,2.1794,1.096,3.1992,7.2969,9.27,9.4,0.14,0.235,STOP,0.0,-5.28,-2.139,-0.0323,-0.0053,-0.0269,Q,0.005,-8.06,-0.0314,-1.171,True,A,0.031,False,True,False,False
2026-06-24T15:14:26.695,moving_enemy,EnemyTank,0,120.13965503654597,,121.13,True,29,0.0,-2.5203,-0.0147,2.5203,0.4541,0.3784,0.0,2.1862,1.096,3.2403,8.1667,9.27,9.43,0.17,0.2351,STOP,0.0,-5.74,-0.758,-0.032,-0.003,-0.029,Q,0.003,-8.67,-0.0338,-1.26,True,A,0.034,False,True,False,False
2026-06-24T15:14:27.288,moving_enemy,EnemyTank,0,120.1987104107034,,120.96,True,30,0.0,-2.0103,-0.0063,2.0103,0.3485,0.2904,0.0,2.1831,1.096,3.1316,6.2955,9.27,9.43,0.16,0.2351,STOP,0.0,-4.35,2.348,-0.0184,-0.0184,0.0,Q,0.018,-7.35,0.0,0.0,False,STOP,0.0,False,True,False,False
2026-06-24T15:14:27.848,moving_enemy,EnemyTank,0,120.18026945234425,,120.58,True,31,0.0,-1.3105,-0.0166,1.3106,0.2178,0.1815,0.0,2.176,1.096,2.9938,3.9239,9.27,9.4,0.13,0.235,STOP,0.0,-2.68,2.978,-0.0083,-0.0083,0.0,Q,0.008,-5.97,0.0,0.0,False,STOP,0.0,False,True,False,False
2026-06-24T15:14:28.412,moving_enemy,EnemyTank,0,120.2046281658171,,120.49,True,32,0.0,-0.8267,0.0078,0.8268,0.1382,0.1152,0.0,2.1743,1.096,2.9125,2.408,9.27,9.38,0.11,0.235,STOP,0.0,-1.69,1.764,-0.0054,-0.0054,0.0,Q,0.005,-5.23,0.0,0.0,False,STOP,0.0,True,True,False,False
2026-06-24T15:14:28.984,moving_enemy,EnemyTank,0,120.1910737146408,,120.19,False,1,0.2409,0.0,0.0,0.0,0.0287,0.0239,0.0,2.1688,1.096,2.7975,0.0,9.27,9.37,0.1,0.2349,STOP,0.0,-0.35,0.0,-0.0018,-0.0018,0.0,STOP,0.0,-4.02,0.0,0.0,False,STOP,0.0,True,True,False,False
2026-06-24T15:14:29.556,moving_enemy,EnemyTank,0,120.1652905669159,,120.17,False,2,0.0,0.0,0.0,0.0,0.0128,0.0107,0.0,2.1683,1.096,2.7811,0.0,9.27,9.36,0.09,0.2349,STOP,0.0,-0.15,0.336,-0.0001,-0.0001,0.0,STOP,0.0,-3.89,0.0,0.0,False,STOP,0.0,True,True,True,False
2026-06-24T15:14:30.129,moving_enemy,EnemyTank,0,120.1276643529387,,120.03,True,3,0.0,0.4428,0.0018,0.4428,0.0535,0.0446,0.0,2.1658,1.096,2.8193,1.2483,9.27,9.36,0.09,0.2349,STOP,0.0,0.64,1.391,0.0062,0.0062,0.0,E,0.006,-3.09,0.0,0.0,False,STOP,0.0,True,True,True,True
2026-06-24T15:14:30.676,moving_enemy,EnemyTank,0,120.07556126802983,,119.93,True,4,0.0,0.6503,-0.0004,0.6503,0.0973,0.0811,0.0,2.1637,1.096,2.861,1.8605,9.27,9.34,0.07,0.2348,STOP,0.0,1.16,0.945,0.008,0.008,0.0,E,0.008,-2.53,0.0,0.0,False,STOP,0.0,True,True,True,False
2026-06-24T15:14:31.263,moving_enemy,EnemyTank,0,120.01476780479223,,119.82,True,5,0.0,0.8836,-0.0037,0.8836,0.142,0.1183,0.0,2.1614,1.096,2.9034,2.5654,9.27,9.33,0.06,0.2347,STOP,0.0,1.68,0.887,0.0107,0.0107,0.0,E,0.011,-1.88,0.0,0.0,False,STOP,0.0,True,True,True,False
2026-06-24T15:14:31.818,moving_enemy,EnemyTank,0,119.95124255177268,,119.75,True,6,0.0,1.1093,-0.0027,1.1093,0.1898,0.1582,0.0,2.1598,1.096,2.9496,3.2721,9.27,9.32,0.06,0.2346,STOP,0.0,2.23,0.989,0.0138,0.0138,0.0,E,0.014,-1.15,0.0,0.0,False,STOP,0.0,True,True,True,False
2026-06-24T15:14:32.372,moving_enemy,EnemyTank,0,119.89375153887498,,119.7,True,7,0.0,1.2794,0.0006,1.2794,0.2293,0.1911,0.0,2.1588,1.096,2.9881,3.823,9.27,9.32,0.05,0.2346,STOP,0.0,2.67,0.803,0.0158,0.0158,0.0,E,0.016,-0.47,0.0,0.0,False,STOP,0.0,False,True,False,False
2026-06-24T15:14:32.924,moving_enemy,EnemyTank,0,119.79842195335291,,119.66,True,9,0.0,1.5266,0.0043,1.5266,0.2796,0.233,0.0,2.1579,1.096,3.0374,4.6369,9.27,9.32,0.05,0.2346,STOP,0.0,3.27,1.079,0.0195,0.0195,0.0,E,0.019,0.74,0.0,0.0,False,STOP,0.0,False,True,False,False
2026-06-24T15:14:33.513,moving_enemy,EnemyTank,0,119.75883961406572,,119.66,True,10,0.0,1.5629,0.0055,1.5629,0.2852,0.2376,0.0,2.1578,1.096,3.043,4.7558,9.27,9.32,0.05,0.2346,STOP,0.0,3.35,0.139,0.018,0.018,0.0,E,0.018,1.23,0.0,0.0,False,STOP,0.0,False,True,False,False
2026-06-24T15:14:34.087,moving_enemy,EnemyTank,0,119.72601957173562,,119.66,True,11,0.0,1.6083,0.0062,1.6083,0.2931,0.2442,0.0,2.1579,1.096,3.051,4.9069,9.27,9.31,0.05,0.2346,STOP,0.0,3.46,0.193,0.0187,0.0187,0.0,E,0.019,1.72,0.0,0.0,False,STOP,0.0,False,True,False,False
2026-06-24T15:14:34.673,moving_enemy,EnemyTank,0,119.69992447380436,,119.67,True,12,0.0,1.6315,0.0066,1.6315,0.297,0.2475,0.0,2.1582,1.096,3.0552,4.9847,9.27,9.33,0.06,0.2346,STOP,0.0,3.52,0.106,0.0189,0.0189,0.0,E,0.019,2.19,0.0,0.0,False,STOP,0.0,False,True,False,False
2026-06-24T15:14:35.208,moving_enemy,EnemyTank,0,119.68112255839871,,119.69,True,13,0.0,1.5702,0.0066,1.5702,0.2893,0.2411,0.0,2.1585,1.096,3.0478,4.7855,9.27,9.32,0.05,0.2346,STOP,0.0,3.44,-0.15,0.0179,0.0179,0.0,E,0.018,2.49,0.0,0.0,False,STOP,0.0,False,True,False,False
2026-06-24T15:14:35.771,moving_enemy,EnemyTank,0,119.66883199890499,,119.71,True,14,0.0,1.6384,0.007,1.6384,0.297,0.2475,0.0,2.159,1.096,3.056,5.007,9.27,9.31,0.05,0.2346,STOP,0.0,3.55,0.194,0.0192,0.0192,0.0,E,0.019,2.98,0.0,0.0,False,STOP,0.0,False,True,False,False
2026-06-24T15:14:36.331,moving_enemy,EnemyTank,0,119.66105097273851,,119.75,True,15,0.0,1.6813,0.0073,1.6813,0.3062,0.2552,0.0,2.1598,1.096,3.066,5.155,9.27,9.32,0.05,0.2346,STOP,0.0,3.68,0.231,0.02,0.02,0.0,E,0.02,3.49,0.0,0.0,False,STOP,0.0,False,True,False,False
2026-06-24T15:14:36.914,moving_enemy,EnemyTank,0,119.6608542949795,,119.78,True,16,0.0,1.6607,0.0075,1.6607,0.3035,0.2529,0.0,2.1607,1.096,3.0641,5.0885,9.27,9.34,0.07,0.2347,STOP,0.0,3.66,-0.032,0.0193,0.0193,0.0,E,0.019,3.89,0.0,0.0,False,STOP,0.0,False,True,False,False
2026-06-24T15:14:37.504,moving_enemy,EnemyTank,0,119.6659785953852,,119.82,True,17,0.0,1.6553,0.0071,1.6553,0.2996,0.2497,0.0,2.1614,1.096,3.0611,5.0669,9.27,9.33,0.06,0.2347,STOP,0.0,3.63,-0.054,0.0191,0.0191,0.0,E,0.019,4.29,0.0,0.0,False,STOP,0.0,False,True,False,False
2026-06-24T15:14:38.117,moving_enemy,EnemyTank,0,119.67902695998234,,119.88,True,18,0.0,1.685,0.0073,1.685,0.3057,0.2548,0.0,2.1627,1.096,3.0684,5.1704,9.27,9.33,0.07,0.2348,STOP,0.0,3.72,0.15,0.02,0.02,0.0,E,0.02,4.78,0.0,0.0,False,STOP,0.0,False,True,False,False
2026-06-24T15:14:38.709,moving_enemy,EnemyTank,0,119.6978981563914,,119.94,True,19,0.0,1.6871,0.0073,1.6871,0.3063,0.2552,0.0,2.164,1.096,3.0702,5.1797,9.27,9.35,0.08,0.2348,STOP,0.0,3.75,0.038,0.0199,0.0199,0.0,E,0.02,5.2,0.0,0.0,False,STOP,0.0,False,True,False,False
2026-06-24T15:14:39.333,moving_enemy,EnemyTank,0,119.75619711210615,,120.07,True,21,0.0,1.6766,0.0074,1.6766,0.3016,0.2514,0.0,2.1666,1.096,3.0682,5.1442,9.27,9.35,0.08,0.2349,STOP,0.0,3.72,-0.042,0.0196,0.0196,0.0,E,0.02,6.03,0.0,0.0,False,STOP,0.0,False,True,False,False
2026-06-24T15:14:39.936,moving_enemy,EnemyTank,0,119.7903707089813,,120.13,True,22,0.0,1.6561,0.0073,1.6561,0.2959,0.2465,0.0,2.1677,1.096,3.0636,5.0735,9.27,9.35,0.09,0.2349,STOP,0.0,3.66,-0.098,0.0192,0.0192,0.0,E,0.019,6.37,0.0,0.0,False,STOP,0.0,False,True,False,False
2026-06-24T15:14:40.508,moving_enemy,EnemyTank,0,119.83766748959617,,120.21,True,23,0.0,1.6172,0.0071,1.6172,0.2925,0.2438,0.0,2.1692,1.096,3.0617,4.9515,9.27,9.37,0.1,0.2349,STOP,0.0,3.63,-0.048,0.0192,0.0192,0.0,E,0.019,6.76,0.0,0.0,False,STOP,0.0,False,True,False,False
2026-06-24T15:14:41.121,moving_enemy,EnemyTank,0,119.88859099968563,,120.33,True,24,0.0,1.722,0.0076,1.722,0.3054,0.2545,0.0,2.1715,1.096,3.0769,5.2984,9.27,9.38,0.12,0.235,STOP,0.0,3.81,0.296,0.0208,0.0208,0.0,E,0.021,7.34,0.0,0.0,False,STOP,0.0,False,True,False,False
2026-06-24T15:14:41.680,moving_enemy,EnemyTank,0,119.94478808911374,,120.39,True,25,0.0,1.6359,0.0072,1.6359,0.2901,0.2417,0.0,2.1725,1.096,3.0626,5.0101,9.27,9.38,0.11,0.235,STOP,0.0,3.63,-0.327,0.0186,0.0186,0.0,E,0.019,7.61,0.0,0.0,False,STOP,0.0,False,True,False,False
2026-06-24T15:14:42.231,moving_enemy,EnemyTank,0,120.01551880199521,,120.52,True,26,0.0,1.6878,0.0075,1.6878,0.2952,0.246,0.0,2.175,1.096,3.0702,5.1819,9.27,9.39,0.12,0.235,STOP,0.0,3.72,0.151,0.02,-0.0072,0.0272,Q,0.007,8.15,0.0318,1.184,True,D,0.032,False,True,False,False
2026-06-24T15:14:42.820,moving_enemy,EnemyTank,0,120.08790383767823,,120.65,True,27,0.0,1.7092,0.0075,1.7092,0.301,0.2509,0.0,2.1773,1.096,3.0783,5.2616,9.27,9.4,0.14,0.235,STOP,0.0,3.8,0.141,0.0204,-0.0077,0.0281,Q,0.008,8.42,0.0328,1.223,True,D,0.033,False,True,False,False
2026-06-24T15:14:43.361,moving_enemy,EnemyTank,0,120.14828711556166,,120.68,True,28,0.0,1.588,0.0061,1.588,0.2763,0.2303,0.0,2.1779,1.096,3.0542,4.8501,9.27,9.41,0.14,0.235,STOP,0.0,3.47,-0.606,0.0172,0.0172,0.0,E,0.017,7.94,0.0,0.0,False,STOP,0.0,False,True,False,False
2026-06-24T15:14:43.928,moving_enemy,EnemyTank,0,120.14841837130838,,120.46,True,29,0.0,1.036,0.0037,1.036,0.1648,0.1373,0.0,2.1739,1.096,2.9387,3.0444,9.27,9.4,0.14,0.235,STOP,0.0,2.04,-2.521,0.0058,0.0058,0.0,E,0.006,6.43,0.0,0.0,False,STOP,0.0,True,True,False,False
2026-06-24T15:14:44.524,moving_enemy,EnemyTank,0,120.14658799087623,,120.33,True,30,0.0,0.6777,0.0007,0.6777,0.0963,0.0803,0.0,2.1715,1.096,2.8678,1.9436,9.27,9.38,0.12,0.235,STOP,0.0,1.19,-1.434,0.0034,0.0034,0.0,E,0.003,5.92,0.0,0.0,False,STOP,0.0,True,True,True,True
2026-06-24T15:14:45.182,moving_enemy,EnemyTank,0,120.09092012601675,,120.1,True,31,0.0,0.3896,-0.0319,0.3909,0.0507,0.0423,0.0,2.1672,1.096,2.8179,1.1014,9.27,9.36,0.1,0.2349,STOP,0.0,0.62,-0.874,0.0016,0.0016,0.0,E,0.002,5.49,0.0,0.0,False,STOP,0.0,True,True,True,False
2026-06-24T15:14:45.753,moving_enemy,EnemyTank,0,120.07806351390356,,120.08,False,2,0.0,0.0,0.0,0.0,0.0188,0.0157,0.0,2.1667,1.096,2.7855,0.0,9.27,9.35,0.09,0.2349,STOP,0.0,-0.23,-1.457,-0.0041,-0.0041,0.0,STOP,0.0,4.74,0.0,0.0,False,STOP,0.0,True,True,True,False
2026-06-24T15:14:46.324,moving_enemy,EnemyTank,0,120.07229402603834,,120.06,True,3,0.0,-0.4126,0.0267,0.4135,0.0816,0.068,0.0,2.1664,1.096,2.848,1.1776,9.27,9.35,0.08,0.2349,STOP,0.0,-0.99,-1.326,-0.0079,-0.0079,0.0,Q,0.008,4.0,0.0,0.0,False,STOP,0.0,True,True,True,False
2026-06-24T15:14:46.896,moving_enemy,EnemyTank,0,120.05436414543813,,120.03,True,4,0.0,-0.659,0.0347,0.6599,0.124,0.1033,0.0,2.1658,1.096,2.8898,1.907,9.27,9.35,0.09,0.2349,STOP,0.0,-1.49,-0.88,-0.0097,-0.0097,0.0,Q,0.01,3.38,0.0,0.0,False,STOP,0.0,True,True,True,True
2026-06-24T15:14:47.488,moving_enemy,EnemyTank,0,120.0241417741263,,119.98,True,5,0.0,-0.8731,0.034,0.8738,0.1615,0.1346,0.0,2.1648,1.096,2.9263,2.557,9.27,9.35,0.09,0.2349,STOP,0.0,-1.93,-0.738,-0.0117,-0.0117,0.0,Q,0.012,2.75,0.0,0.0,False,STOP,0.0,True,True,True,False
2026-06-24T15:14:48.037,moving_enemy,EnemyTank,0,119.9830991826949,,119.91,True,6,0.0,-1.092,0.0281,1.0924,0.2019,0.1683,0.0,2.1634,1.096,2.9653,3.2393,9.27,9.34,0.08,0.2348,STOP,0.0,-2.39,-0.849,-0.0144,-0.0144,0.0,Q,0.014,2.05,0.0,0.0,False,STOP,0.0,True,True,True,False
2026-06-24T15:14:48.631,moving_enemy,EnemyTank,0,119.93592893554806,,119.85,True,7,0.0,-1.3243,0.0215,1.3245,0.2488,0.2074,0.0,2.1621,1.096,3.0109,3.988,9.27,9.34,0.08,0.2348,STOP,0.0,-2.92,-0.895,-0.0173,-0.0173,0.0,Q,0.017,1.27,0.0,0.0,False,STOP,0.0,False,True,False,False
2026-06-24T15:14:49.247,moving_enemy,EnemyTank,0,119.88345781869963,,119.81,True,8,0.0,-1.5816,0.0143,1.5816,0.304,0.2533,0.0,2.161,1.096,3.065,4.8478,9.27,9.32,0.06,0.2347,STOP,0.0,-3.54,-0.997,-0.0207,-0.0207,0.0,Q,0.021,0.34,0.0,0.0,False,STOP,0.0,False,True,False,False
2026-06-24T15:14:49.817,moving_enemy,EnemyTank,0,119.83609219814454,,119.8,True,9,0.0,-1.7182,0.0095,1.7182,0.3409,0.2841,0.0,2.1608,1.096,3.1017,5.3294,9.27,9.33,0.06,0.2347,STOP,0.0,-3.97,-0.762,-0.0226,-0.0226,0.0,Q,0.023,-0.45,0.0,0.0,False,STOP,0.0,False,True,False,False
2026-06-24T15:14:50.408,moving_enemy,EnemyTank,0,119.77057717103298,,119.94,True,11,0.0,-2.3671,0.0047,2.3671,0.4602,0.3835,0.0,2.1641,1.096,3.2243,7.6321,9.27,9.35,0.09,0.2349,STOP,0.0,-5.5,-2.586,-0.0343,-0.0343,0.0,Q,0.034,-2.93,0.0,0.0,False,STOP,0.0,False,True,False,False
2026-06-24T15:14:50.953,moving_enemy,EnemyTank,0,119.76370858437618,,120.06,True,12,0.0,-2.5042,0.0034,2.5042,0.4809,0.4007,0.0,2.1664,1.096,3.2473,8.1319,9.27,9.35,0.08,0.2349,STOP,0.0,-5.8,-0.557,-0.0319,-0.0319,0.0,Q,0.032,-3.89,0.0,0.0,False,STOP,0.0,False,True,False,False
2026-06-24T15:14:51.541,moving_enemy,EnemyTank,0,119.77976991197255,,120.32,True,13,0.0,-2.8915,0.0027,2.8915,0.5417,0.4514,0.0,2.1713,1.096,3.313,9.5796,9.27,9.38,0.11,0.235,STOP,0.0,-6.64,-1.419,-0.038,-0.038,0.0,Q,0.038,-5.41,0.0,0.0,False,STOP,0.0,False,True,False,False
2026-06-24T15:14:52.127,moving_enemy,EnemyTank,0,119.82329520775102,,120.6,True,14,0.0,-3.0875,0.0022,3.0875,0.5698,0.4748,0.0,2.1763,1.096,3.3462,10.3313,9.27,9.4,0.13,0.235,STOP,0.0,-7.07,0.0,-0.0375,-0.0375,0.0,Q,0.037,-6.63,0.0,0.0,False,STOP,0.0,False,True,False,False
2026-06-24T15:14:52.702,moving_enemy,EnemyTank,0,119.90395755717947,,121.03,True,15,0.0,-3.4157,0.002,3.4157,0.6263,0.522,0.0,2.1844,1.096,3.4107,11.6499,9.27,9.43,0.17,0.2351,STOP,0.0,-7.89,-1.426,-0.0447,-0.0173,-0.0274,Q,0.017,-8.19,-0.032,-1.191,True,A,0.032,False,True,False,False
2026-06-24T15:14:53.310,moving_enemy,EnemyTank,0,120.02229097199717,,121.48,True,16,0.0,-3.6091,0.0019,3.6091,0.6585,0.5488,0.0,2.1926,1.096,3.4511,12.4555,9.27,9.46,0.19,0.2352,STOP,0.0,-8.38,-0.807,-0.046,-0.0151,-0.031,Q,0.015,-9.27,-0.0361,-1.347,True,A,0.036,False,True,False,False
2026-06-24T15:14:53.836,moving_enemy,EnemyTank,0,120.1643610718175,,121.77,True,17,0.0,-3.5477,0.0005,3.5477,0.6415,0.5346,0.1,2.198,1.096,3.4395,12.2025,9.27,9.48,0.22,0.2353,R,0.055,-8.17,0.393,-0.0425,-0.0112,-0.0314,Q,0.011,-9.39,-0.0366,-1.364,True,A,0.037,False,True,False,False
2026-06-24T15:14:54.441,moving_enemy,EnemyTank,0,120.30302498332892,,122.0,True,18,0.0,-3.497,-0.0057,3.497,0.6081,0.5067,0.0,2.2023,1.096,3.4104,11.9261,9.31,9.51,0.2,0.2353,STOP,0.0,-7.73,0.721,-0.0396,-0.0087,-0.0309,Q,0.009,-9.25,-0.0361,-1.344,True,A,0.036,False,True,False,False
2026-06-24T15:14:55.023,moving_enemy,EnemyTank,0,120.36533342160696,,121.38,True,19,0.0,-2.2566,0.0405,2.2569,0.3666,0.3055,0.0,2.1907,1.096,3.1573,7.1259,9.43,9.45,0.02,0.2352,STOP,0.0,-4.53,5.507,-0.013,-0.013,0.0,Q,0.013,-6.27,0.0,0.0,False,STOP,0.0,False,True,False,False
2026-06-24T15:14:55.619,moving_enemy,EnemyTank,0,120.33359389701505,,120.61,True,21,0.0,-0.9085,-0.0006,0.9085,0.0904,0.0754,0.0,2.1765,1.096,2.8669,2.6047,9.43,9.4,-0.03,0.235,STOP,0.0,-1.08,5.779,0.0058,0.0058,0.0,E,0.006,-3.29,0.0,0.0,False,STOP,0.0,True,True,False,False
2026-06-24T15:14:56.200,moving_enemy,EnemyTank,0,120.32171505920677,,120.32,False,1,0.4696,0.0,0.0,0.0,0.0113,0.0094,0.0,2.1712,1.096,2.7825,0.0,9.43,9.37,-0.06,0.235,STOP,0.0,0.13,2.098,0.0049,0.0049,0.0,STOP,0.0,-1.98,0.0,0.0,False,STOP,0.0,True,True,True,False
2026-06-24T15:14:56.782,moving_enemy,EnemyTank,0,120.31721485391505,,120.32,False,2,0.0,0.0,0.0,0.0,0.0197,0.0164,0.0,2.1712,1.096,2.7909,0.0,9.43,9.37,-0.06,0.235,STOP,0.0,0.23,0.171,0.0016,0.0016,0.0,STOP,0.0,-1.86,0.0,0.0,False,STOP,0.0,True,True,True,False
2026-06-24T15:14:57.387,moving_enemy,EnemyTank,0,120.30864349204073,,120.28,True,3,0.0,0.377,0.0233,0.3778,0.0766,0.0638,0.0,2.1706,1.096,2.8472,1.0755,9.43,9.37,-0.06,0.235,STOP,0.0,0.9,1.101,0.007,0.007,0.0,E,0.007,-1.19,0.0,0.0,False,STOP,0.0,True,True,True,True
2026-06-24T15:14:57.919,moving_enemy,EnemyTank,0,120.28520650761052,,120.24,True,4,0.0,0.5946,0.0305,0.5954,0.119,0.0992,0.0,2.1698,1.096,2.8888,1.7199,9.43,9.37,-0.06,0.2349,STOP,0.0,1.39,0.923,0.0092,0.0092,0.0,E,0.009,-0.62,0.0,0.0,False,STOP,0.0,True,True,True,False
2026-06-24T15:14:58.526,moving_enemy,EnemyTank,0,120.24782362287192,,120.16,True,5,0.0,0.8689,0.0305,0.8694,0.1656,0.138,0.0,2.1683,1.096,2.934,2.5509,9.43,9.36,-0.07,0.2349,STOP,0.0,1.92,0.878,0.0119,0.0119,0.0,E,0.012,0.08,0.0,0.0,False,STOP,0.0,True,True,True,False
2026-06-24T15:14:59.098,moving_enemy,EnemyTank,0,120.19907110722069,,120.1,True,6,0.0,1.0246,0.0257,1.0249,0.1969,0.1641,0.0,2.167,1.096,2.964,3.0377,9.43,9.36,-0.08,0.2349,STOP,0.0,2.3,0.661,0.0135,0.0135,0.0,E,0.014,0.68,0.0,0.0,False,STOP,0.0,True,True,True,False
2026-06-24T15:14:59.710,moving_enemy,EnemyTank,0,120.1415286482305,,120.02,True,7,0.0,1.2855,0.0213,1.2856,0.2428,0.2023,0.0,2.1657,1.096,3.0085,3.8678,9.43,9.36,-0.08,0.2349,STOP,0.0,2.86,0.916,0.017,0.017,0.0,E,0.017,1.53,0.0,0.0,False,STOP,0.0,False,True,False,False
2026-06-24T15:15:00.340,moving_enemy,EnemyTank,0,120.09277355084456,,119.98,True,8,0.0,1.4375,0.0187,1.4376,0.2724,0.227,0.0,2.165,1.096,3.0374,4.3666,9.43,9.35,-0.08,0.2349,STOP,0.0,3.23,0.59,0.0183,0.0183,0.0,E,0.018,2.22,0.0,0.0,False,STOP,0.0,False,True,False,False
2026-06-24T15:15:00.920,moving_enemy,EnemyTank,0,120.05281407476377,,119.97,True,9,0.0,1.5267,0.0167,1.5268,0.2876,0.2397,0.0,2.1646,1.096,3.0522,4.66,9.43,9.34,-0.09,0.2349,STOP,0.0,3.43,0.346,0.0189,0.0189,0.0,E,0.019,2.79,0.0,0.0,False,STOP,0.0,False,True,False,False
2026-06-24T15:15:01.541,moving_enemy,EnemyTank,0,119.99393239708377,,119.97,True,11,0.0,1.6186,0.0146,1.6186,0.3018,0.2515,0.0,2.1647,1.096,3.0665,4.9636,9.43,9.34,-0.09,0.2349,STOP,0.0,3.64,0.331,0.0199,0.0199,0.0,E,0.02,3.78,0.0,0.0,False,STOP,0.0,False,True,False,False
2026-06-24T15:15:02.104,moving_enemy,EnemyTank,0,119.97446685737535,,119.99,True,12,0.0,1.6351,0.014,1.6351,0.303,0.2525,0.0,2.165,1.096,3.068,5.0165,9.43,9.35,-0.08,0.2349,STOP,0.0,3.67,0.052,0.0195,0.0195,0.0,E,0.02,4.21,0.0,0.0,False,STOP,0.0,False,True,False,False
2026-06-24T15:15:02.721,moving_enemy,EnemyTank,0,119.96104772294882,,120.0,True,13,0.0,1.5871,0.0131,1.5872,0.2952,0.246,0.0,2.1654,1.096,3.0606,4.8576,9.43,9.36,-0.07,0.2349,STOP,0.0,3.59,-0.133,0.0187,0.0187,0.0,E,0.019,4.54,0.0,0.0,False,STOP,0.0,False,True,False,False
2026-06-24T15:15:03.315,moving_enemy,EnemyTank,0,119.95359783179495,,120.04,True,14,0.0,1.6703,0.0134,1.6703,0.305,0.2542,0.0,2.1661,1.096,3.0711,5.1298,9.43,9.35,-0.08,0.2349,STOP,0.0,3.73,0.236,0.0202,0.0202,0.0,E,0.02,5.1,0.0,0.0,False,STOP,0.0,False,True,False,False
2026-06-24T15:15:03.910,moving_enemy,EnemyTank,0,119.95263158925515,,120.07,True,15,0.0,1.6387,0.013,1.6387,0.2984,0.2487,0.0,2.1666,1.096,3.065,5.0226,9.43,9.35,-0.08,0.2349,STOP,0.0,3.66,-0.115,0.0192,0.0192,0.0,E,0.019,5.43,0.0,0.0,False,STOP,0.0,False,True,False,False
2026-06-24T15:15:04.517,moving_enemy,EnemyTank,0,119.95814972775287,,120.12,True,16,0.0,1.6721,0.0131,1.6721,0.3038,0.2531,0.0,2.1675,1.096,3.0712,5.1355,9.43,9.36,-0.08,0.2349,STOP,0.0,3.74,0.138,0.0201,0.0201,0.0,E,0.02,5.93,0.0,0.0,False,STOP,0.0,False,True,False,False
2026-06-24T15:15:05.121,moving_enemy,EnemyTank,0,119.96988984695936,,120.17,True,17,0.0,1.6933,0.0131,1.6934,0.3064,0.2553,0.0,2.1685,1.096,3.0749,5.2069,9.43,9.36,-0.07,0.2349,STOP,0.0,3.79,0.082,0.0203,0.0203,0.0,E,0.02,6.37,0.0,0.0,False,STOP,0.0,False,True,False,False
2026-06-24T15:15:05.744,moving_enemy,EnemyTank,0,120.01417689257755,,120.29,True,19,0.0,1.6984,0.0132,1.6985,0.3037,0.2531,0.0,2.1707,1.096,3.0744,5.2218,9.43,9.37,-0.06,0.2349,STOP,0.0,3.79,-0.003,0.0201,0.0201,0.0,E,0.02,7.24,0.0,0.0,False,STOP,0.0,False,True,False,False
2026-06-24T15:15:06.325,moving_enemy,EnemyTank,0,120.04584630178636,,120.36,True,20,0.0,1.6891,0.013,1.6892,0.301,0.2509,0.0,2.172,1.096,3.0731,5.1909,9.43,9.38,-0.05,0.235,STOP,0.0,3.77,-0.032,0.0199,0.0199,0.0,E,0.02,7.64,0.0,0.0,False,STOP,0.0,False,True,False,False
2026-06-24T15:15:06.906,moving_enemy,EnemyTank,0,120.08264081391597,,120.42,True,21,0.0,1.6489,0.0127,1.649,0.2926,0.2438,0.0,2.1731,1.096,3.0657,5.0552,9.43,9.38,-0.06,0.235,STOP,0.0,3.68,-0.162,0.0192,0.0192,0.0,E,0.019,7.98,0.0,0.0,False,STOP,0.0,False,True,False,False
2026-06-24T15:15:07.520,moving_enemy,EnemyTank,0,120.12832601965532,,120.52,True,22,0.0,1.6814,0.0129,1.6814,0.2978,0.2481,0.0,2.1749,1.096,3.0727,5.1665,9.43,9.4,-0.03,0.235,STOP,0.0,3.76,0.135,0.0202,-0.0081,0.0283,Q,0.008,8.47,0.033,1.23,True,D,0.033,False,True,False,False
2026-06-24T15:15:08.111,moving_enemy,EnemyTank,0,120.17379068298261,,120.59,True,23,0.0,1.6438,0.0126,1.6438,0.2949,0.2458,0.0,2.1761,1.096,3.071,5.0482,9.43,9.39,-0.04,0.235,STOP,0.0,3.73,-0.057,0.0196,-0.0089,0.0285,Q,0.009,8.53,0.0333,1.24,True,D,0.033,False,True,False,False
2026-06-24T15:15:08.711,moving_enemy,EnemyTank,0,120.23036706849587,,120.67,True,24,0.0,1.6274,0.0125,1.6274,0.2841,0.2368,0.0,2.1777,1.096,3.0618,4.9829,9.43,9.4,-0.03,0.235,STOP,0.0,3.58,-0.245,0.0185,-0.009,0.0275,Q,0.009,8.22,0.0321,1.195,True,D,0.032,False,True,False,False
2026-06-24T15:15:09.242,moving_enemy,EnemyTank,0,120.2942601367842,,120.8,True,25,0.0,1.7085,0.0131,1.7086,0.2869,0.2391,0.0,2.1802,1.096,3.0671,5.2403,9.43,9.42,-0.01,0.2351,STOP,0.0,3.61,0.056,0.0192,-0.0077,0.0269,Q,0.008,8.06,0.0314,1.171,True,D,0.031,False,True,False,False
2026-06-24T15:15:09.827,moving_enemy,EnemyTank,0,120.36239958080878,,120.88,True,26,0.0,1.641,0.0126,1.641,0.2746,0.2288,0.0,2.1816,1.096,3.0562,5.0152,9.43,9.42,-0.02,0.2351,STOP,0.0,3.44,-0.286,0.0177,0.0177,0.0,E,0.018,7.7,0.0,0.0,False,STOP,0.0,False,True,False,False
2026-06-24T15:15:10.414,moving_enemy,EnemyTank,0,120.5142459239989,,121.11,True,28,0.0,1.6659,0.0128,1.666,0.2667,0.2223,0.0,2.1858,1.096,3.0525,5.0855,9.43,9.43,-0.0,0.2351,STOP,0.0,3.35,-0.163,0.0174,0.0174,0.0,E,0.017,7.8,0.0,0.0,False,STOP,0.0,False,True,False,False
2026-06-24T15:15:10.971,moving_enemy,EnemyTank,0,120.50429172656162,,120.86,True,29,0.0,1.2376,-0.0118,1.2376,0.1974,0.1645,0.0,2.1813,1.096,2.9787,3.6865,9.43,9.42,-0.01,0.2351,STOP,0.0,2.46,-1.585,0.0099,0.0099,0.0,E,0.01,7.27,0.0,0.0,False,STOP,0.0,True,True,False,False
2026-06-24T15:15:11.531,moving_enemy,EnemyTank,0,120.51644305071174,,120.76,True,30,0.0,0.8017,0.0018,0.8017,0.1269,0.1057,0.0,2.1792,1.096,2.9061,2.3299,9.43,9.4,-0.03,0.235,STOP,0.0,1.57,-1.591,0.0052,0.0052,0.0,E,0.005,6.63,0.0,0.0,False,STOP,0.0,True,True,True,True
2026-06-24T15:15:12.127,moving_enemy,EnemyTank,0,120.5571612151406,,120.77,True,31,0.0,0.468,0.0313,0.469,0.0741,0.0617,0.0,2.1797,1.096,2.8538,1.3384,9.43,9.41,-0.02,0.2351,STOP,0.0,0.91,-1.105,0.0026,0.0026,0.0,E,0.003,6.11,0.0,0.0,False,STOP,0.0,True,True,True,False
2026-06-24T15:15:12.714,moving_enemy,EnemyTank,0,120.5405177597529,,120.54,False,1,0.336,0.0,0.0,0.0,0.0107,0.0089,0.0,2.1753,1.096,2.786,0.0,9.43,9.39,-0.04,0.235,STOP,0.0,0.13,-1.334,-0.002,-0.002,0.0,STOP,0.0,5.41,0.0,0.0,False,STOP,0.0,True,True,True,False
2026-06-24T15:15:13.321,moving_enemy,EnemyTank,0,120.50380209575748,,120.5,False,2,0.0,0.0,0.0,0.0,0.0005,0.0004,0.0,2.1746,1.096,2.7752,0.0,9.43,9.39,-0.04,0.235,STOP,0.0,-0.01,-0.226,-0.0005,-0.0005,0.0,STOP,0.0,5.3,0.0,0.0,False,STOP,0.0,True,True,True,False
2026-06-24T15:15:13.933,moving_enemy,EnemyTank,0,120.4529427671358,,120.3,True,3,0.0,-0.3687,-0.0243,0.3695,0.0535,0.0445,0.0,2.1709,1.096,2.8243,1.0435,9.43,9.38,-0.05,0.235,STOP,0.0,-0.65,-1.052,-0.0055,-0.0055,0.0,Q,0.006,4.66,0.0,0.0,False,STOP,0.0,True,True,True,True
2026-06-24T15:15:14.503,moving_enemy,EnemyTank,0,120.38342694784563,,120.18,True,4,0.0,-0.5407,-0.0319,0.5417,0.091,0.0759,0.0,2.1686,1.096,2.8597,1.549,9.43,9.37,-0.07,0.2349,STOP,0.0,-1.1,-0.793,-0.0074,-0.0074,0.0,Q,0.007,4.17,0.0,0.0,False,STOP,0.0,True,True,True,False
2026-06-24T15:15:15.148,moving_enemy,EnemyTank,0,120.31448162412042,,120.06,True,5,0.0,-0.8114,-0.0362,0.8122,0.1375,0.1146,0.0,2.1664,1.096,2.9038,2.3585,9.43,9.36,-0.07,0.2349,STOP,0.0,-1.65,-0.852,-0.0105,-0.0105,0.0,Q,0.01,3.49,0.0,0.0,False,STOP,0.0,True,True,True,False
2026-06-24T15:15:15.771,moving_enemy,EnemyTank,0,120.18018045670247,,119.94,True,7,0.0,-1.2243,-0.0245,1.2246,0.2296,0.1913,0.0,2.164,1.096,2.9936,3.6658,9.43,9.35,-0.08,0.2349,STOP,0.0,-2.72,-1.715,-0.0178,-0.0178,0.0,Q,0.018,2.06,0.0,0.0,False,STOP,0.0,False,True,False,False
2026-06-24T15:15:16.342,moving_enemy,EnemyTank,0,120.11755775831307,,119.89,True,8,0.0,-1.5838,-0.0213,1.584,0.292,0.2433,0.0,2.163,1.096,3.055,4.839,9.43,9.35,-0.09,0.2348,STOP,0.0,-3.42,-1.23,-0.0206,-0.0206,0.0,Q,0.021,1.03,0.0,0.0,False,STOP,0.0,False,True,False,False
2026-06-24T15:15:16.941,moving_enemy,EnemyTank,0,120.05330741270276,,119.88,True,9,0.0,-1.7479,-0.0188,1.748,0.3259,0.2716,0.0,2.1628,1.096,3.0887,5.3991,9.43,9.34,-0.09,0.2348,STOP,0.0,-3.79,-0.61,-0.0213,-0.0213,0.0,Q,0.021,0.2,0.0,0.0,False,STOP,0.0,False,True,False,False
2026-06-24T15:15:17.508,moving_enemy,EnemyTank,0,119.99326470462084,,119.9,True,10,0.0,-1.9759,-0.0176,1.976,0.3756,0.313,0.0,2.1632,1.096,3.1388,6.2024,9.43,9.34,-0.09,0.2348,STOP,0.0,-4.4,-1.072,-0.0254,-0.0254,0.0,Q,0.025,-0.84,0.0,0.0,False,STOP,0.0,False,True,False,False
2026-06-24T15:15:18.094,moving_enemy,EnemyTank,0,119.94571139185172,,119.97,True,11,0.0,-2.3573,-0.0194,2.3574,0.4422,0.3685,0.0,2.1648,1.096,3.207,7.5603,9.43,9.35,-0.08,0.2349,STOP,0.0,-5.25,-1.45,-0.0307,-0.0307,0.0,Q,0.031,-2.18,0.0,0.0,False,STOP,0.0,False,True,False,False
2026-06-24T15:15:18.712,moving_enemy,EnemyTank,0,119.91505512372194,,120.08,True,12,0.0,-2.5194,-0.0194,2.5195,0.4725,0.3937,0.0,2.1667,1.096,3.2392,8.1611,9.43,9.35,-0.08,0.2349,STOP,0.0,-5.66,-0.675,-0.0314,-0.0314,0.0,Q,0.031,-3.2,0.0,0.0,False,STOP,0.0,False,True,False,False
2026-06-24T15:15:19.303,moving_enemy,EnemyTank,0,119.90415850693209,,120.23,True,13,0.0,-2.6776,-0.0199,2.6776,0.508,0.4234,0.0,2.1696,1.096,3.2776,8.7763,9.43,9.37,-0.07,0.2349,STOP,0.0,-6.16,0.0,-0.0326,-0.0326,0.0,Q,0.033,-4.35,0.0,0.0,False,STOP,0.0,False,True,False,False
2026-06-24T15:15:19.834,moving_enemy,EnemyTank,0,119.91745581437081,,120.53,True,14,0.0,-3.1217,-0.0244,3.1218,0.5821,0.4851,0.0,2.1752,1.096,3.3574,10.4809,9.43,9.39,-0.04,0.235,STOP,0.0,-7.18,-1.914,-0.0419,-0.0419,0.0,Q,0.042,-6.0,0.0,0.0,False,STOP,0.0,False,True,False,False
2026-06-24T15:15:20.438,moving_enemy,EnemyTank,0,119.96569223316841,,120.85,True,15,0.0,-3.319,-0.0238,3.3191,0.6182,0.5151,0.0,2.1812,1.096,3.3993,11.2826,9.43,9.42,-0.01,0.2351,STOP,0.0,-7.72,-0.893,-0.0427,-0.0427,0.0,Q,0.043,-7.28,0.0,0.0,False,STOP,0.0,False,True,False,False
2026-06-24T15:15:21.019,moving_enemy,EnemyTank,0,120.17437385129601,,121.68,True,17,0.0,-3.6535,-0.0256,3.6536,0.6667,0.5556,0.0,2.1964,1.096,3.4631,12.6528,9.43,9.47,0.04,0.2352,STOP,0.0,-8.53,-1.405,-0.048,-0.015,-0.033,Q,0.015,-9.88,-0.0385,-1.436,True,A,0.039,False,True,False,False
2026-06-24T15:15:21.584,moving_enemy,EnemyTank,0,120.33437570241853,,122.08,True,18,0.0,-3.6912,-0.0259,3.6913,0.6597,0.5498,0.0,2.2039,1.096,3.4636,12.7852,9.43,9.52,0.08,0.2354,STOP,0.0,-8.47,0.112,-0.0447,-0.0105,-0.0341,Q,0.011,-10.22,-0.0398,-1.484,True,A,0.04,False,True,False,False
2026-06-24T15:15:22.147,moving_enemy,EnemyTank,0,120.38975406954303,,121.53,True,19,0.0,-2.7389,-0.0124,2.7389,0.4618,0.3848,0.0,2.1937,1.096,3.2554,8.9165,9.43,9.48,0.05,0.2353,STOP,0.0,-5.79,4.756,-0.0212,-0.0212,0.0,Q,0.021,-7.78,0.0,0.0,False,STOP,0.0,False,True,False,False
2026-06-24T15:15:22.739,moving_enemy,EnemyTank,0,120.39141150808423,,121.02,True,20,0.0,-1.7771,-0.0066,1.7771,0.2892,0.241,0.0,2.1841,1.096,3.0733,5.4615,9.43,9.43,-0.0,0.2351,STOP,0.0,-3.56,3.767,-0.0113,-0.0113,0.0,Q,0.011,-5.94,0.0,0.0,False,STOP,0.0,False,True,False,False
2026-06-24T15:15:23.308,moving_enemy,EnemyTank,0,120.35629601561206,,120.65,True,21,0.0,-1.1351,-0.0253,1.1354,0.1856,0.1547,0.0,2.1773,1.096,2.9629,3.3641,9.43,9.4,-0.03,0.235,STOP,0.0,-2.26,2.284,-0.0074,-0.0074,0.0,Q,0.007,-4.94,0.0,0.0,False,STOP,0.0,True,True,False,False
2026-06-24T15:15:23.901,moving_enemy,EnemyTank,0,120.34958242238775,,120.35,False,1,0.2739,0.0,0.0,0.0,0.0346,0.0289,0.0,2.1718,1.096,2.8064,0.0,9.43,9.38,-0.05,0.235,STOP,0.0,-0.42,3.117,0.004,0.004,0.0,STOP,0.0,-3.28,0.0,0.0,False,STOP,0.0,True,True,True,False
2026-06-24T15:15:24.470,moving_enemy,EnemyTank,0,120.34377769529655,,120.34,False,2,0.0,0.0,0.0,0.0,0.0199,0.0166,0.0,2.1717,1.096,2.7916,0.0,9.43,9.38,-0.05,0.235,STOP,0.0,-0.24,0.311,-0.0006,-0.0006,0.0,STOP,0.0,-3.17,0.0,0.0,False,STOP,0.0,True,True,True,False
2026-06-24T15:15:25.029,moving_enemy,EnemyTank,0,120.3377358645307,,120.32,True,3,0.0,0.3628,0.0252,0.3636,0.0349,0.0291,0.0,2.1713,1.096,2.8062,1.0205,9.43,9.38,-0.05,0.235,STOP,0.0,0.42,1.171,0.0045,0.0045,0.0,STOP,0.0,-2.52,0.0,0.0,False,STOP,0.0,True,True,True,True
2026-06-24T15:15:25.594,moving_enemy,EnemyTank,0,120.32127327804018,,120.29,True,4,0.0,0.5474,0.0326,0.5483,0.0754,0.0628,0.0,2.1707,1.096,2.8461,1.5606,9.43,9.37,-0.06,0.235,STOP,0.0,0.89,0.845,0.0064,0.0064,0.0,E,0.006,-2.04,0.0,0.0,False,STOP,0.0,True,True,True,False
2026-06-24T15:15:26.180,moving_enemy,EnemyTank,0,120.29025450785946,,120.23,True,5,0.0,0.7713,0.0353,0.7721,0.125,0.1042,0.0,2.1696,1.096,2.8946,2.2349,9.43,9.37,-0.06,0.2349,STOP,0.0,1.47,0.988,0.0098,0.0098,0.0,E,0.01,-1.42,0.0,0.0,False,STOP,0.0,True,True,True,False
2026-06-24T15:15:26.765,moving_enemy,EnemyTank,0,120.24241601337587,,120.15,True,6,0.0,1.002,0.0306,1.0025,0.1736,0.1447,0.0,2.1681,1.096,2.9417,2.949,9.43,9.36,-0.07,0.2349,STOP,0.0,2.03,0.951,0.0127,0.0127,0.0,E,0.013,-0.71,0.0,0.0,False,STOP,0.0,True,True,True,False
2026-06-24T15:15:27.347,moving_enemy,EnemyTank,0,120.18857987753094,,120.08,True,7,0.0,1.2055,0.0252,1.2057,0.2185,0.1821,0.0,2.1667,1.096,2.9853,3.5994,9.43,9.36,-0.08,0.2349,STOP,0.0,2.54,0.871,0.0152,0.0152,0.0,E,0.015,0.02,0.0,0.0,False,STOP,0.0,False,True,False,False
2026-06-24T15:15:27.909,moving_enemy,EnemyTank,0,120.14090219386854,,120.03,True,8,0.0,1.3945,0.0222,1.3946,0.2543,0.2119,0.0,2.1659,1.096,3.0201,4.212,9.43,9.35,-0.08,0.2349,STOP,0.0,2.97,0.777,0.0173,0.0173,0.0,E,0.017,0.74,0.0,0.0,False,STOP,0.0,False,True,False,False
2026-06-24T15:15:28.543,moving_enemy,EnemyTank,0,120.0681022866203,,120.01,True,10,0.0,1.5262,0.0183,1.5263,0.2823,0.2352,0.0,2.1654,1.096,3.0477,4.6516,9.43,9.35,-0.08,0.2349,STOP,0.0,3.33,0.573,0.0188,0.0188,0.0,E,0.019,1.77,0.0,0.0,False,STOP,0.0,False,True,False,False
2026-06-24T15:15:29.143,moving_enemy,EnemyTank,0,120.0394122680774,,120.01,True,11,0.0,1.5724,0.0175,1.5725,0.2903,0.2419,0.0,2.1654,1.096,3.0557,4.8052,9.43,9.34,-0.09,0.2349,STOP,0.0,3.45,0.187,0.0186,0.0186,0.0,E,0.019,2.28,0.0,0.0,False,STOP,0.0,False,True,False,False
2026-06-24T15:15:29.730,moving_enemy,EnemyTank,0,120.01882127329336,,120.02,True,12,0.0,1.588,0.0167,1.5881,0.2899,0.2416,0.0,2.1657,1.096,3.0556,4.8526,9.43,9.35,-0.08,0.2349,STOP,0.0,3.46,0.019,0.0184,0.0184,0.0,E,0.018,2.71,0.0,0.0,False,STOP,0.0,False,True,False,False
2026-06-24T15:15:30.305,moving_enemy,EnemyTank,0,120.00109756437216,,120.04,True,13,0.0,1.6086,0.0152,1.6087,0.2964,0.247,0.0,2.166,1.096,3.0625,4.9264,9.43,9.35,-0.08,0.2349,STOP,0.0,3.55,0.166,0.0192,0.0192,0.0,E,0.019,3.2,0.0,0.0,False,STOP,0.0,False,True,False,False
2026-06-24T15:15:30.907,moving_enemy,EnemyTank,0,119.99538995153368,,120.08,True,14,0.0,1.6455,0.017,1.6455,0.3023,0.2519,0.0,2.1667,1.096,3.069,5.0502,9.43,9.36,-0.07,0.2349,STOP,0.0,3.64,0.144,0.0196,0.0196,0.0,E,0.02,3.66,0.0,0.0,False,STOP,0.0,False,True,False,False
2026-06-24T15:15:31.519,moving_enemy,EnemyTank,0,119.99381569242895,,120.11,True,15,0.0,1.6352,0.0165,1.6353,0.2978,0.2482,0.0,2.1673,1.096,3.0652,5.0125,9.43,9.36,-0.07,0.2349,STOP,0.0,3.6,-0.063,0.019,0.019,0.0,E,0.019,4.07,0.0,0.0,False,STOP,0.0,False,True,False,False
2026-06-24T15:15:32.140,moving_enemy,EnemyTank,0,119.99925276135312,,120.16,True,16,0.0,1.6696,0.0165,1.6697,0.3035,0.2529,0.0,2.1682,1.096,3.0717,5.1287,9.43,9.36,-0.08,0.2349,STOP,0.0,3.69,0.14,0.0198,0.0198,0.0,E,0.02,4.58,0.0,0.0,False,STOP,0.0,False,True,False,False
2026-06-24T15:15:32.744,moving_enemy,EnemyTank,0,120.01074254904005,,120.21,True,17,0.0,1.6861,0.0165,1.6862,0.3059,0.255,0.0,2.1692,1.096,3.0751,5.1852,9.43,9.37,-0.06,0.2349,STOP,0.0,3.73,0.076,0.0199,0.0199,0.0,E,0.02,5.01,0.0,0.0,False,STOP,0.0,False,True,False,False
2026-06-24T15:15:33.370,moving_enemy,EnemyTank,0,120.02772238241033,,120.25,True,18,0.0,1.6247,0.0154,1.6248,0.2939,0.2449,0.0,2.1699,1.096,3.0638,4.978,9.43,9.37,-0.06,0.235,STOP,0.0,3.6,-0.218,0.0186,0.0186,0.0,E,0.019,5.32,0.0,0.0,False,STOP,0.0,False,True,False,False
2026-06-24T15:15:33.929,moving_enemy,EnemyTank,0,120.08911148520106,,120.42,True,20,0.0,1.7374,0.0168,1.7375,0.3086,0.2572,0.0,2.1731,1.096,3.0817,5.3545,9.43,9.38,-0.05,0.235,STOP,0.0,3.82,0.396,0.021,0.021,0.0,E,0.021,6.4,0.0,0.0,False,STOP,0.0,False,True,False,False
2026-06-24T15:15:34.516,moving_enemy,EnemyTank,0,120.12698685523516,,120.49,True,21,0.0,1.71,0.0165,1.7101,0.3026,0.2522,0.0,2.1743,1.096,3.0769,5.2619,9.43,9.39,-0.05,0.235,STOP,0.0,3.76,-0.104,0.0197,0.0197,0.0,E,0.02,6.77,0.0,0.0,False,STOP,0.0,False,True,False,False
2026-06-24T15:15:35.115,moving_enemy,EnemyTank,0,120.17190472634236,,120.55,True,22,0.0,1.6492,0.0159,1.6493,0.2898,0.2415,0.0,2.1755,1.096,3.0653,5.0556,9.43,9.39,-0.04,0.235,STOP,0.0,3.61,-0.247,0.0186,0.0186,0.0,E,0.019,7.09,0.0,0.0,False,STOP,0.0,False,True,False,False
2026-06-24T15:15:35.704,moving_enemy,EnemyTank,0,120.22913680100278,,120.65,True,23,0.0,1.6585,0.016,1.6586,0.2916,0.243,0.0,2.1775,1.096,3.0691,5.0902,9.43,9.41,-0.03,0.2351,STOP,0.0,3.65,0.067,0.0195,0.0195,0.0,E,0.019,7.57,0.0,0.0,False,STOP,0.0,False,True,False,False
2026-06-24T15:15:36.313,moving_enemy,EnemyTank,0,120.28952816036082,,120.76,True,24,0.0,1.6859,0.0162,1.686,0.2969,0.2474,0.0,2.1795,1.096,3.0763,5.1867,9.43,9.41,-0.02,0.2351,STOP,0.0,3.73,0.136,0.0201,-0.0068,0.0269,Q,0.007,8.05,0.0314,1.169,True,D,0.031,False,True,False,False
2026-06-24T15:15:36.841,moving_enemy,EnemyTank,0,120.34691977674302,,120.85,True,25,0.0,1.6644,0.016,1.6645,0.2961,0.2468,0.0,2.181,1.096,3.0771,5.1218,9.43,9.42,-0.01,0.2351,STOP,0.0,3.73,-0.011,0.0197,-0.0075,0.0272,Q,0.007,8.14,0.0318,1.183,True,D,0.032,False,True,False,False
2026-06-24T15:15:37.414,moving_enemy,EnemyTank,0,120.41878422717987,,120.97,True,26,0.0,1.6949,0.0163,1.695,0.2913,0.2428,0.0,2.1833,1.096,3.0746,5.2113,9.43,9.43,0.0,0.2351,STOP,0.0,3.66,-0.118,0.0192,0.0192,0.0,E,0.019,7.94,0.0,0.0,False,STOP,0.0,False,True,False,False
2026-06-24T15:15:37.961,moving_enemy,EnemyTank,0,120.48728261061854,,121.05,True,27,0.0,1.6462,0.0159,1.6463,0.2728,0.2273,0.0,2.1846,1.096,3.0574,5.0333,9.43,9.42,-0.01,0.2351,STOP,0.0,3.42,-0.441,0.0172,0.0172,0.0,E,0.017,7.67,0.0,0.0,False,STOP,0.0,False,True,False,False
2026-06-24T15:15:38.541,moving_enemy,EnemyTank,0,120.6005183714879,,121.23,True,28,0.0,1.5829,0.0369,1.5833,0.2642,0.2202,0.0,2.1881,1.096,3.0523,4.8327,9.43,9.44,0.01,0.2351,STOP,0.0,3.32,-0.169,0.0173,0.0173,0.0,E,0.017,7.96,0.0,0.0,False,STOP,0.0,False,True,False,False
2026-06-24T15:15:39.138,moving_enemy,EnemyTank,0,120.6204375802673,,121.04,True,29,0.0,1.0271,0.0387,1.0279,0.1697,0.1414,0.0,2.1846,1.096,2.9543,3.0366,9.43,9.44,0.01,0.2351,STOP,0.0,2.11,-2.017,0.0072,0.0072,0.0,E,0.007,7.12,0.0,0.0,False,STOP,0.0,True,True,False,False
2026-06-24T15:15:39.757,moving_enemy,EnemyTank,0,120.6302563688429,,120.63,False,1,0.4963,0.0,0.0,0.0,0.0086,0.0072,0.0,2.1769,1.096,2.7856,0.0,9.43,9.39,-0.04,0.235,STOP,0.0,0.11,-3.247,-0.0059,-0.0059,0.0,STOP,0.0,5.64,0.0,0.0,False,STOP,0.0,True,True,True,False
2026-06-24T15:15:40.341,moving_enemy,EnemyTank,0,120.6116769849806,,120.61,False,2,0.0,0.0,0.0,0.0,0.0012,0.001,0.0,2.1766,1.096,2.7778,0.0,9.43,9.4,-0.04,0.235,STOP,0.0,-0.01,-0.206,-0.0005,-0.0005,0.0,STOP,0.0,5.54,0.0,0.0,False,STOP,0.0,True,True,True,False
2026-06-24T15:15:40.911,moving_enemy,EnemyTank,0,120.58199983156103,,120.5,True,3,0.0,-0.3328,-0.0012,0.3328,0.0501,0.0418,0.0,2.1747,1.096,2.8248,0.9402,9.43,9.4,-0.04,0.235,STOP,0.0,-0.61,-1.048,-0.0053,-0.0053,0.0,Q,0.005,4.95,0.0,0.0,False,STOP,0.0,True,True,True,True
2026-06-24T15:15:41.504,moving_enemy,EnemyTank,0,120.54024460914677,,120.42,True,4,0.0,-0.5402,-0.0037,0.5402,0.0869,0.0724,0.0,2.173,1.096,2.8599,1.545,9.43,9.38,-0.06,0.235,STOP,0.0,-1.06,-0.747,-0.0071,-0.0071,0.0,Q,0.007,4.44,0.0,0.0,False,STOP,0.0,True,True,True,False
2026-06-24T15:15:42.110,moving_enemy,EnemyTank,0,120.49011437723384,,120.33,True,5,0.0,-0.7525,-0.0061,0.7525,0.1255,0.1046,0.0,2.1714,1.096,2.8968,2.18,9.43,9.36,-0.07,0.2349,STOP,0.0,-1.51,-0.758,-0.0095,-0.0095,0.0,Q,0.01,3.86,0.0,0.0,False,STOP,0.0,True,True,True,False
2026-06-24T15:15:42.704,moving_enemy,EnemyTank,0,120.43080655842473,,120.25,True,6,0.0,-0.9489,-0.0082,0.9489,0.1645,0.1371,0.0,2.1699,1.096,2.9345,2.7846,9.43,9.37,-0.06,0.2349,STOP,0.0,-1.97,-0.771,-0.012,-0.012,0.0,Q,0.012,3.21,0.0,0.0,False,STOP,0.0,True,True,True,False
2026-06-24T15:15:43.322,moving_enemy,EnemyTank,0,120.36394726577005,,120.18,True,7,0.0,-1.1642,-0.0103,1.1642,0.2111,0.1759,0.0,2.1685,1.096,2.9796,3.4689,9.43,9.36,-0.08,0.2349,STOP,0.0,-2.51,-0.872,-0.0151,-0.0151,0.0,Q,0.015,2.45,0.0,0.0,False,STOP,0.0,False,True,False,False
2026-06-24T15:15:43.917,moving_enemy,EnemyTank,0,120.30420379593706,,120.13,True,8,0.0,-1.5099,-0.0083,1.5099,0.2782,0.2318,0.0,2.1677,1.096,3.0459,4.5989,9.43,9.36,-0.07,0.2349,STOP,0.0,-3.27,-1.282,-0.0199,-0.0199,0.0,Q,0.02,1.42,0.0,0.0,False,STOP,0.0,False,True,False,False
2026-06-24T15:15:44.552,moving_enemy,EnemyTank,0,120.20864706310856,,120.18,True,10,0.0,-1.9359,-0.0001,1.9359,0.38,0.3166,0.0,2.1685,1.096,3.1485,6.0952,9.43,9.36,-0.08,0.2349,STOP,0.0,-4.43,-1.82,-0.0271,-0.0271,0.0,Q,0.027,-0.49,0.0,0.0,False,STOP,0.0,False,True,False,False
2026-06-24T15:15:45.119,moving_enemy,EnemyTank,0,120.17695640035684,,120.27,True,11,0.0,-2.3262,0.0016,2.3262,0.4409,0.3674,0.0,2.1703,1.096,3.2112,7.4697,9.43,9.37,-0.06,0.2349,STOP,0.0,-5.21,-1.377,-0.0304,-0.0304,0.0,Q,0.03,-1.79,0.0,0.0,False,STOP,0.0,False,True,False,False
2026-06-24T15:15:45.729,moving_enemy,EnemyTank,0,120.16311912686541,,120.39,True,12,0.0,-2.4816,0.0047,2.4817,0.4662,0.3885,0.0,2.1726,1.096,3.2388,8.0377,9.43,9.39,-0.05,0.235,STOP,0.0,-5.56,-0.582,-0.0307,-0.0307,0.0,Q,0.031,-2.78,0.0,0.0,False,STOP,0.0,False,True,False,False
2026-06-24T15:15:46.310,moving_enemy,EnemyTank,0,120.16868656939673,,120.61,True,13,0.0,-2.7944,0.0062,2.7944,0.5219,0.4349,0.0,2.1767,1.096,3.2986,9.2174,9.43,9.4,-0.03,0.235,STOP,0.0,-6.32,-1.295,-0.0361,-0.0361,0.0,Q,0.036,-4.16,0.0,0.0,False,STOP,0.0,False,True,False,False
2026-06-24T15:15:46.835,moving_enemy,EnemyTank,0,120.19692670558696,,120.82,True,14,0.0,-2.9373,0.0071,2.9373,0.5454,0.4545,0.0,2.1806,1.096,3.326,9.7692,9.43,9.42,-0.02,0.2351,STOP,0.0,-6.67,-0.671,-0.0367,-0.0367,0.0,Q,0.037,-5.19,0.0,0.0,False,STOP,0.0,False,True,False,False
2026-06-24T15:15:47.438,moving_enemy,EnemyTank,0,120.26019277689778,,121.24,True,15,0.0,-3.3165,0.0084,3.3165,0.6092,0.5077,0.0,2.1882,1.096,3.3974,11.2674,9.43,9.45,0.02,0.2352,STOP,0.0,-7.57,-1.492,-0.0431,-0.0431,0.0,Q,0.043,-6.82,0.0,0.0,False,STOP,0.0,False,True,False,False
2026-06-24T15:15:47.998,moving_enemy,EnemyTank,0,120.34958144875279,,121.57,True,16,0.0,-3.4242,0.0089,3.4242,0.6266,0.5222,0.0,2.1942,1.096,3.4209,11.7137,9.43,9.46,0.03,0.2352,STOP,0.0,-7.87,-0.533,-0.0428,-0.0428,0.0,Q,0.043,-7.9,0.0,0.0,False,STOP,0.0,False,True,False,False
2026-06-24T15:15:48.563,moving_enemy,EnemyTank,0,120.48496852625867,,121.98,True,17,0.0,-3.5313,0.0093,3.5313,0.6434,0.5362,0.0,2.202,1.096,3.4454,12.1667,9.43,9.5,0.07,0.2353,STOP,0.0,-8.17,-0.537,-0.0444,-0.014,-0.0303,Q,0.014,-9.08,-0.0354,-1.319,True,A,0.035,False,True,False,False
2026-06-24T15:15:49.163,moving_enemy,EnemyTank,0,120.65173275886872,,122.56,True,18,0.0,-3.8051,0.0101,3.8051,0.6779,0.5649,0.0,2.2128,1.096,3.4907,13.2828,9.43,9.55,0.12,0.2355,STOP,0.0,-8.73,-0.93,-0.0481,-0.0129,-0.0352,Q,0.013,-10.54,-0.0411,-1.531,True,A,0.041,False,True,False,False
2026-06-24T15:15:49.754,moving_enemy,EnemyTank,0,120.63976104999588,,121.18,True,20,0.0,-1.7,-0.0101,1.7001,0.2378,0.1982,0.0,2.1871,1.096,3.0249,5.1425,9.43,9.43,0.0,0.2351,STOP,0.0,-2.91,9.834,0.0042,0.0042,0.0,E,0.004,-5.31,0.0,0.0,False,STOP,0.0,False,True,False,False
2026-06-24T15:15:50.326,moving_enemy,EnemyTank,0,120.62706041345957,,120.91,True,21,0.0,-1.0672,-0.0131,1.0673,0.1439,0.1199,0.0,2.1821,1.096,2.926,3.1229,9.43,9.43,-0.01,0.2351,STOP,0.0,-1.74,2.049,-0.0051,-0.0051,0.0,Q,0.005,-4.12,0.0,0.0,False,STOP,0.0,True,True,False,False
2026-06-24T15:15:50.911,moving_enemy,EnemyTank,0,120.61237687875725,,120.61,False,1,0.3369,0.0,0.0,0.0,0.0112,0.0094,0.0,2.1766,1.096,2.7878,0.0,9.43,9.39,-0.04,0.235,STOP,0.0,-0.13,2.747,0.0048,0.0048,0.0,STOP,0.0,-2.56,0.0,0.0,False,STOP,0.0,True,True,True,False
2026-06-24T15:15:51.497,moving_enemy,EnemyTank,0,120.58405967011366,,120.58,False,2,0.0,0.0,0.0,0.0,0.0048,0.004,0.0,2.1761,1.096,2.7808,0.0,9.43,9.39,-0.04,0.235,STOP,0.0,0.06,0.324,0.0009,0.0009,0.0,STOP,0.0,-2.41,0.0,0.0,False,STOP,0.0,True,True,True,False
2026-06-24T15:15:52.127,moving_enemy,EnemyTank,0,120.55025244163295,,120.45,True,3,0.0,0.4669,-0.001,0.4669,0.0741,0.0618,0.0,2.1735,1.096,2.8476,1.3295,9.43,9.38,-0.05,0.235,STOP,0.0,0.87,1.297,0.0072,0.0072,0.0,E,0.007,-1.59,0.0,0.0,False,STOP,0.0,True,True,True,True
2026-06-24T15:15:52.716,moving_enemy,EnemyTank,0,120.50731592483412,,120.38,True,4,0.0,0.6581,0.0014,0.6582,0.1183,0.0986,0.0,2.1723,1.096,2.8906,1.9025,9.43,9.37,-0.06,0.235,STOP,0.0,1.39,0.872,0.0091,0.0091,0.0,E,0.009,-1.04,0.0,0.0,False,STOP,0.0,True,True,True,False
2026-06-24T15:15:53.329,moving_enemy,EnemyTank,0,120.46010080475403,,120.3,True,5,0.0,0.9659,0.0029,0.9659,0.1727,0.1439,0.0,2.1708,1.096,2.9435,2.8431,9.43,9.37,-0.06,0.2349,STOP,0.0,2.01,1.013,0.0127,0.0127,0.0,E,0.013,-0.28,0.0,0.0,False,STOP,0.0,True,True,True,False
2026-06-24T15:15:53.947,moving_enemy,EnemyTank,0,120.3428682860019,,120.18,True,7,0.0,1.2987,-0.0007,1.2987,0.2463,0.2053,0.0,2.1687,1.096,3.015,3.9155,9.43,9.37,-0.06,0.2349,STOP,0.0,2.89,1.426,0.0182,0.0182,0.0,E,0.018,1.08,0.0,0.0,False,STOP,0.0,False,True,False,False
2026-06-24T15:15:54.509,moving_enemy,EnemyTank,0,120.29656850455973,,120.15,True,8,0.0,1.5138,-0.0016,1.5138,0.2775,0.2312,0.0,2.1681,1.096,3.0456,4.6106,9.43,9.37,-0.06,0.2349,STOP,0.0,3.28,0.694,0.0188,0.0188,0.0,E,0.019,1.81,0.0,0.0,False,STOP,0.0,False,True,False,False
2026-06-24T15:15:55.105,moving_enemy,EnemyTank,0,120.25448467114327,,120.14,True,9,0.0,1.5372,-0.0021,1.5372,0.2794,0.2328,0.0,2.1679,1.096,3.0473,4.6842,9.43,9.36,-0.07,0.2349,STOP,0.0,3.32,0.063,0.0177,0.0177,0.0,E,0.018,2.26,0.0,0.0,False,STOP,0.0,False,True,False,False
2026-06-24T15:15:55.709,moving_enemy,EnemyTank,0,120.21726036897061,,120.14,True,10,0.0,1.6174,-0.0025,1.6174,0.2929,0.2441,0.0,2.1679,1.096,3.0608,4.9505,9.43,9.37,-0.07,0.2349,STOP,0.0,3.5,0.3,0.0191,0.0191,0.0,E,0.019,2.83,0.0,0.0,False,STOP,0.0,False,True,False,False
2026-06-24T15:15:56.318,moving_enemy,EnemyTank,0,120.18867263398123,,120.15,True,11,0.0,1.6258,-0.0027,1.6258,0.2954,0.2462,0.0,2.168,1.096,3.0634,4.9806,9.43,9.36,-0.07,0.2349,STOP,0.0,3.54,0.074,0.0189,0.0189,0.0,E,0.019,3.25,0.0,0.0,False,STOP,0.0,False,True,False,False
2026-06-24T15:15:56.895,moving_enemy,EnemyTank,0,120.16659198858082,,120.16,True,12,0.0,1.5814,-0.0027,1.5815,0.29,0.2417,0.0,2.1682,1.096,3.0582,4.8364,9.43,9.36,-0.07,0.2349,STOP,0.0,3.49,-0.091,0.0183,0.0183,0.0,E,0.018,3.59,0.0,0.0,False,STOP,0.0,False,True,False,False
2026-06-24T15:15:57.436,moving_enemy,EnemyTank,0,120.14998619826939,,120.19,True,13,0.0,1.6935,-0.003,1.6935,0.3048,0.254,0.0,2.1687,1.096,3.0735,5.2049,9.43,9.36,-0.07,0.2349,STOP,0.0,3.69,0.368,0.0203,0.0203,0.0,E,0.02,4.19,0.0,0.0,False,STOP,0.0,False,True,False,False
2026-06-24T15:15:58.116,moving_enemy,EnemyTank,0,120.14063759598248,,120.2,True,14,0.0,1.6268,-0.0029,1.6268,0.2957,0.2464,0.0,2.169,1.096,3.0648,4.9857,9.43,9.36,-0.07,0.2349,STOP,0.0,3.59,-0.146,0.0187,0.0187,0.0,E,0.019,4.47,0.0,0.0,False,STOP,0.0,False,True,False,False
2026-06-24T15:15:58.724,moving_enemy,EnemyTank,0,120.13904473457674,,120.29,True,16,0.0,1.7028,-0.0033,1.7028,0.306,0.255,0.0,2.1706,1.096,3.0766,5.239,9.43,9.37,-0.06,0.235,STOP,0.0,3.75,0.265,0.0204,0.0204,0.0,E,0.02,5.45,0.0,0.0,False,STOP,0.0,False,True,False,False
2026-06-24T15:15:59.334,moving_enemy,EnemyTank,0,120.14828350745198,,120.33,True,17,0.0,1.6772,-0.0032,1.6772,0.2996,0.2497,0.0,2.1714,1.096,3.071,5.1506,9.43,9.38,-0.05,0.235,STOP,0.0,3.69,-0.106,0.0193,0.0193,0.0,E,0.019,5.83,0.0,0.0,False,STOP,0.0,False,True,False,False
2026-06-24T15:15:59.929,moving_enemy,EnemyTank,0,120.16487640029659,,120.39,True,18,0.0,1.7113,-0.0033,1.7113,0.3053,0.2544,0.0,2.1727,1.096,3.0779,5.2671,9.43,9.39,-0.04,0.235,STOP,0.0,3.77,0.148,0.0203,0.0203,0.0,E,0.02,6.33,0.0,0.0,False,STOP,0.0,False,True,False,False
2026-06-24T15:16:00.525,moving_enemy,EnemyTank,0,120.1870729151501,,120.45,True,19,0.0,1.6917,-0.0033,1.6917,0.3023,0.2519,0.0,2.1736,1.096,3.076,5.2035,9.43,9.39,-0.04,0.235,STOP,0.0,3.75,-0.038,0.0198,0.0198,0.0,E,0.02,6.71,0.0,0.0,False,STOP,0.0,False,True,False,False
2026-06-24T15:16:01.095,moving_enemy,EnemyTank,0,120.21529012453568,,120.5,True,20,0.0,1.6331,-0.0033,1.6331,0.2915,0.2429,0.0,2.1746,1.096,3.066,5.007,9.43,9.39,-0.04,0.235,STOP,0.0,3.63,-0.216,0.0188,0.0188,0.0,E,0.019,7.03,0.0,0.0,False,STOP,0.0,False,True,False,False
2026-06-24T15:16:01.730,moving_enemy,EnemyTank,0,120.2506874743095,,120.59,True,21,0.0,1.7062,-0.0035,1.7062,0.301,0.2508,0.0,2.1763,1.096,3.0773,5.2505,9.43,9.4,-0.03,0.235,STOP,0.0,3.77,0.218,0.0204,0.0204,0.0,E,0.02,7.56,0.0,0.0,False,STOP,0.0,False,True,False,False
2026-06-24T15:16:02.370,moving_enemy,EnemyTank,0,120.33699055264786,,120.72,True,23,0.0,1.6096,-0.0033,1.6096,0.2878,0.2398,0.0,2.1786,1.096,3.0664,4.9356,9.43,9.4,-0.03,0.235,STOP,0.0,3.62,-0.222,0.0188,-0.0087,0.0275,Q,0.009,8.22,0.0321,1.195,True,D,0.032,False,True,False,False
2026-06-24T15:16:02.942,moving_enemy,EnemyTank,0,120.38953719858021,,120.85,True,24,0.0,1.7194,-0.0035,1.7194,0.3011,0.2509,0.0,2.181,1.096,3.0822,5.2995,9.43,9.42,-0.01,0.2351,STOP,0.0,3.8,0.301,0.0207,-0.0071,0.0279,Q,0.007,8.34,0.0325,1.212,True,D,0.033,False,True,False,False
2026-06-24T15:16:03.497,moving_enemy,EnemyTank,0,120.44939534465348,,120.95,True,25,0.0,1.7292,-0.0036,1.7292,0.2938,0.2448,0.0,2.1828,1.096,3.0766,5.3199,9.43,9.41,-0.02,0.2351,STOP,0.0,3.69,-0.185,0.0192,-0.0078,0.027,Q,0.008,8.08,0.0315,1.174,True,D,0.032,False,True,False,False
2026-06-24T15:16:04.061,moving_enemy,EnemyTank,0,120.51263294798053,,121.04,True,26,0.0,1.706,-0.0036,1.706,0.2827,0.2356,0.0,2.1845,1.096,3.0672,5.2326,9.43,9.42,-0.01,0.2351,STOP,0.0,3.55,-0.264,0.0183,0.0183,0.0,E,0.018,7.78,0.0,0.0,False,STOP,0.0,False,True,False,False
2026-06-24T15:16:04.627,moving_enemy,EnemyTank,0,120.51017066385792,,120.86,True,27,0.0,1.4404,-0.0316,1.4407,0.2301,0.1917,0.0,2.1812,1.096,3.0113,4.3385,9.43,9.41,-0.02,0.2351,STOP,0.0,2.87,-1.193,0.0128,0.0128,0.0,E,0.013,7.23,0.0,0.0,False,STOP,0.0,False,True,False,False
2026-06-24T15:16:05.200,moving_enemy,EnemyTank,0,120.50876275747936,,120.71,True,28,0.0,0.9417,-0.022,0.942,0.1445,0.1205,0.0,2.1784,1.096,2.923,2.7533,9.43,9.4,-0.03,0.235,STOP,0.0,1.79,-1.886,0.0057,0.0057,0.0,E,0.006,6.49,0.0,0.0,False,STOP,0.0,True,True,False,False
2026-06-24T15:16:05.753,moving_enemy,EnemyTank,0,120.50065470898824,,120.6,True,29,0.0,0.6118,-0.0203,0.6121,0.0896,0.0746,0.0,2.1765,1.096,2.8661,1.7543,9.43,9.4,-0.04,0.235,STOP,0.0,1.1,-1.242,0.0034,0.0034,0.0,E,0.003,6.02,0.0,0.0,False,STOP,0.0,True,True,True,True
2026-06-24T15:16:06.323,moving_enemy,EnemyTank,0,120.48889092818318,,120.53,True,30,0.0,0.3309,-0.0156,0.3313,0.0458,0.0382,0.0,2.1751,1.096,2.8209,0.9345,9.43,9.39,-0.04,0.235,STOP,0.0,0.56,-0.95,0.0011,0.0011,0.0,E,0.001,5.58,0.0,0.0,False,STOP,0.0,True,True,True,False
2026-06-24T15:16:06.903,moving_enemy,EnemyTank,0,120.4837060937683,,120.48,False,1,0.0438,0.0,0.0,0.0,0.002,0.0017,0.0,2.1742,1.096,2.7762,0.0,9.43,9.39,-0.05,0.235,STOP,0.0,-0.02,-1.011,-0.0022,-0.0022,0.0,STOP,0.0,5.05,0.0,0.0,False,STOP,0.0,True,True,True,False
2026-06-24T15:16:07.476,moving_enemy,EnemyTank,0,120.48047313153653,,120.48,False,2,0.0,0.0,0.0,0.0,0.0149,0.0124,0.0,2.1741,1.096,2.7891,0.0,9.43,9.38,-0.05,0.235,STOP,0.0,-0.18,-0.275,-0.0015,-0.0015,0.0,STOP,0.0,4.92,0.0,0.0,False,STOP,0.0,True,True,True,False
2026-06-24T15:16:08.078,moving_enemy,EnemyTank,0,120.45376550291788,,120.42,True,4,0.0,-0.6682,0.0327,0.669,0.131,0.1092,0.0,2.1731,1.096,2.9041,1.9428,9.43,9.38,-0.06,0.235,STOP,0.0,-1.58,-2.315,-0.013,-0.013,0.0,Q,0.013,3.52,0.0,0.0,False,STOP,0.0,True,True,True,True
2026-06-24T15:16:08.626,moving_enemy,EnemyTank,0,120.42059484802388,,120.37,True,5,0.0,-0.8766,0.0307,0.8771,0.1636,0.1363,0.0,2.1721,1.096,2.9357,2.5749,9.43,9.38,-0.05,0.235,STOP,0.0,-1.96,-0.692,-0.0117,-0.0117,0.0,Q,0.012,2.89,0.0,0.0,False,STOP,0.0,True,True,True,False
2026-06-24T15:16:09.181,moving_enemy,EnemyTank,0,120.37737367067541,,120.3,True,6,0.0,-1.118,0.0249,1.1182,0.2064,0.172,0.0,2.1708,1.096,2.9772,3.3293,9.43,9.38,-0.05,0.235,STOP,0.0,-2.45,-0.887,-0.0147,-0.0147,0.0,Q,0.015,2.15,0.0,0.0,False,STOP,0.0,True,True,True,False
2026-06-24T15:16:09.754,moving_enemy,EnemyTank,0,120.32140444117033,,120.23,True,7,0.0,-1.3368,0.0152,1.3369,0.2497,0.2081,0.0,2.1695,1.096,3.0192,4.0363,9.43,9.37,-0.06,0.235,STOP,0.0,-2.94,-0.856,-0.0173,-0.0173,0.0,Q,0.017,1.35,0.0,0.0,False,STOP,0.0,False,True,False,False
2026-06-24T15:16:10.316,moving_enemy,EnemyTank,0,120.27246164335423,,120.2,True,8,0.0,-1.601,0.012,1.6011,0.3019,0.2516,0.0,2.169,1.096,3.0709,4.9168,9.43,9.37,-0.06,0.2349,STOP,0.0,-3.52,-1.029,-0.0207,-0.0207,0.0,Q,0.021,0.41,0.0,0.0,False,STOP,0.0,False,True,False,False
2026-06-24T15:16:10.897,moving_enemy,EnemyTank,0,120.22332937872578,,120.21,True,9,0.0,-1.9367,0.0084,1.9367,0.3663,0.3053,0.0,2.1692,1.096,3.1356,6.0728,9.43,9.37,-0.06,0.2349,STOP,0.0,-4.28,-1.322,-0.0254,-0.0254,0.0,Q,0.025,-0.78,0.0,0.0,False,STOP,0.0,False,True,False,False
2026-06-24T15:16:11.510,moving_enemy,EnemyTank,0,120.18989671799459,,120.26,True,10,0.0,-2.1335,0.0059,2.1335,0.4042,0.3368,0.0,2.1701,1.096,3.1743,6.7722,9.43,9.37,-0.06,0.235,STOP,0.0,-4.77,-0.797,-0.0269,-0.0269,0.0,Q,0.027,-1.74,0.0,0.0,False,STOP,0.0,False,True,False,False
2026-06-24T15:16:12.050,moving_enemy,EnemyTank,0,120.16926054379859,,120.36,True,11,0.0,-2.3478,0.0045,2.3478,0.4416,0.368,0.0,2.1718,1.096,3.2135,7.5445,9.43,9.37,-0.06,0.2349,STOP,0.0,-5.27,-0.926,-0.0298,-0.0298,0.0,Q,0.03,-2.81,0.0,0.0,False,STOP,0.0,False,True,False,False
2026-06-24T15:16:12.715,moving_enemy,EnemyTank,0,120.16809621089533,,120.51,True,12,0.0,-2.5296,0.0036,2.5296,0.4826,0.4021,0.0,2.1747,1.096,3.2572,8.2396,9.43,9.38,-0.05,0.235,STOP,0.0,-5.83,-0.835,-0.0326,-0.0326,0.0,Q,0.033,-3.95,0.0,0.0,False,STOP,0.0,False,True,False,False
2026-06-24T15:16:13.341,moving_enemy,EnemyTank,0,120.19186518551014,,120.82,True,13,0.0,-2.9897,0.0029,2.9897,0.5584,0.4653,0.0,2.1805,1.096,3.3389,9.9824,9.43,9.42,-0.01,0.2351,STOP,0.0,-6.86,0.0,-0.0363,-0.0363,0.0,Q,0.036,-5.61,0.0,0.0,False,STOP,0.0,False,True,False,False
